{"cameraMode":{"drawMode":0,"name":"Shaded","section":"Shading Mode"},"sceneLighting":true,"audioPlay":false,"sceneViewState":{"showFog":true,"showMaterialUpdate":false,"showSkybox":true,"showFlares":true,"showImageEffects":true,"showParticleSystems":true},"in2DMode":false,"pivot":{"x":0.5738540887832642,"y":5.178581237792969,"z":12.361946105957032},"rotation":{"x":0.2574465274810791,"y":0.011595181189477444,"z":-0.0030895257368683817,"w":0.9662186503410339},"size":50.37578201293945,"orthographic":false}